epoch,accuracy,learning_rate,loss,val_accuracy,val_loss
0,0.3642052710056305,0.0010000000474974513,1.8889216184616089,0.7577319741249084,1.3839490413665771
1,0.749687135219574,0.0010000000474974513,0.7450845837593079,0.8350515365600586,1.0165075063705444
2,0.8347935080528259,0.0010000000474974513,0.5425541400909424,0.8608247637748718,0.8125910758972168
3,0.8485606908798218,0.0010000000474974513,0.45288774371147156,0.8659793734550476,0.6715739965438843
4,0.8610763549804688,0.0010000000474974513,0.40196239948272705,0.8711340427398682,0.5705842971801758
5,0.8948686122894287,0.0010000000474974513,0.331127792596817,0.9020618796348572,0.48951053619384766
6,0.8986232876777649,0.0010000000474974513,0.2776978015899658,0.8865979313850403,0.42251336574554443
7,0.9098873734474182,0.0010000000474974513,0.2581228017807007,0.876288652420044,0.36841222643852234
8,0.9173967242240906,0.0010000000474974513,0.24468979239463806,0.8969072103500366,0.33184322714805603
