epoch,accuracy,learning_rate,loss,val_accuracy,val_loss
15,0.5481852293014526,9.999999747378752e-06,1.2712560892105103,0.5876288414001465,1.3916174173355103
16,0.6132665872573853,9.999999747378752e-06,1.179761290550232,0.5567010045051575,1.406079649925232
17,0.6232790946960449,9.999999747378752e-06,1.1008751392364502,0.592783510684967,1.329134464263916
18,0.6495619416236877,1.9999999949504854e-06,1.0336427688598633,0.5979381203651428,1.262279748916626
19,0.6382978558540344,1.9999999949504854e-06,1.0337135791778564,0.6134020686149597,1.2177375555038452
20,0.6508135199546814,1.9999999949504854e-06,0.9819953441619873,0.6134020686149597,1.1704472303390503
21,0.6382978558540344,4.0000000467443897e-07,1.0156532526016235,0.623711347579956,1.1441314220428467
22,0.6545681953430176,4.0000000467443897e-07,0.9613531231880188,0.6030927896499634,1.1382637023925781
